Plexall.m3u,https://rb.gy/itsd13,,,tbnall.m3u,https://rb.gy/exnba5,,,Newsall.m3u,https://rb.gy/3jipd8,,,,,,PCR1
Channel ,Channel Name,,,Channel ,Channel Name,,,Channel ,Channel Name,,,,,,https://rb.gy/euhx10
1,Plex Stream 1,,,1,Plex Stream 1,,,1,ABC 7 Bay Area and San Francisco News (KGO-DT1),,,,,,Channel ID: 46 - Channel Name: Merit Street Media
2,Plex Stream 2,,,2,Plex Stream 2,,,2,ABC 7 Los Angeles CA (KABC-TV),,,,,,Channel ID: 118 - Channel Name: CBS News
3,Plex Stream 3,,,3,Plex Stream 3,,,3,ABC 8 Portland ME (WMTW),,,,,,Channel ID: 108 - Channel Name: BBC News
4,Plex Stream 4,,,4,Plex Stream 4,,,4,ABC 9 Kansas City MO (KMBC-TV),,,,,,Channel ID: 103 - Channel Name: Newsmax2
5,Plex Stream 5,,,5,Plex Stream 5,,,5,ABC 16 Jackson MS (WAPT),,,,,,Channel ID: 120 - Channel Name: NBC News NOW
6,Plex Stream 6,,,6,Plex Stream 6,,,6,ABC 22 Savannah GA (WJCL),,,,,,Channel ID: 121 - Channel Name: Scripps News
7,Plex Stream 7,,,7,Plex Stream 7,,,7,ABC 25 West Palm Beach FL (WPBF),,,,,,Channel ID: 104 - Channel Name: America's Voice News
8,Plex Stream 8,,,8,Plex Stream 8,,,8,ABC 30 Fresno and Central Valley News (KFSN-DT1),,,,,,Channel ID: 122 - Channel Name: ABC News Live
9,Plex News Quad,,,9,Plex News Quad,,,9,ABC 40/29 Fort Smith AR (KHBS),,,,,,Channel ID: 124 - Channel Name: Fox News National
10,ABC 7 Bay Area and San Francisco News (KGO-DT1),,,10,Socal 1,,,10,ABC News,,,,,,Channel ID: 125 - Channel Name: CNN News National
11,ABC 7 Los Angeles CA (KABC-TV),,,11,Socal 2,,,11,ABC News Live 1,,,,,,Channel ID: 123 - Channel Name: MSNBC News National
12,ABC 8 Portland ME (WMTW),,,12,Socal 3,,,12,ABC News Live 2,,,,,,Channel ID: 2 - Channel Name: AccuWeather Now
13,ABC 9 Kansas City MO (KMBC-TV),,,13,Socal 4,,,13,ABC News Live 3,,,,,,Channel ID: 91 - Channel Name: Fox Weather
14,ABC 16 Jackson MS (WAPT),,,14,Socal 5,,,14,ABC News Live 4,,,,,,
15,ABC 22 Savannah GA (WJCL),,,15,Socal 6,,,15,ABC News Live 5,,,,,,
16,ABC 25 West Palm Beach FL (WPBF),,,16,Irving 1,,,16,ABC News Live 6,,,,,,
17,ABC 30 Fresno and Central Valley News (KFSN-DT1),,,17,Irving 2,,,17,ABC News Live 7,,,,,,
18,ABC 40/29 Fort Smith AR (KHBS),,,18,Irving 3,,,18,ABC News Live 8,,,,,,
19,ABC News,,,19,Irving 4,,,19,ABC News Live 9,,,,,,
20,ABC News Live 1,,,20,Nashville 1,,,20,ABC News Live 10,,,,,,
21,ABC News Live 2,,,21,Nashville 2,,,21,BBC World News,,,,,,
22,ABC News Live 3,,,22,Nashville 3,,,22,CBS 8 Des Moines IA (KCCI),,,,,,
23,ABC News Live 4,,,23,Nashville 4,,,23,CBS 32 Louisville KY (WLKY),,,,,,
24,ABC News Live 5,,,24,New York 1,,,24,CBS News Bay Area,,,,,,
25,ABC News Live 6,,,25,New York 2,,,25,CBS News Boston,,,,,,
26,ABC News Live 7,,,26,ABC 7 Bay Area and San Francisco News (KGO-DT1),,,26,CBS News Chicago ,,,,,,
27,ABC News Live 8,,,27,ABC 7 Los Angeles CA (KABC-TV),,,27,CBS News Colorado,,,,,,
28,ABC News Live 9,,,28,ABC 8 Portland ME (WMTW),,,28,CBS News Detroit,,,,,,
29,ABC News Live 10,,,29,ABC 9 Kansas City MO (KMBC-TV),,,29,CBS News Los Angeles,,,,,,
30,BBC World News,,,30,ABC 16 Jackson MS (WAPT),,,30,CBS News Miami,,,,,,
31,CBS 8 Des Moines IA (KCCI),,,31,ABC 22 Savannah GA (WJCL),,,31,CBS News Minnesota,,,,,,
32,CBS 32 Louisville KY (WLKY),,,32,ABC 25 West Palm Beach FL (WPBF),,,32,CBS News National,,,,,,
33,CBS News Bay Area,,,33,ABC 30 Fresno and Central Valley News (KFSN-DT1),,,33,CBS News New York,,,,,,
34,CBS News Boston,,,34,ABC 40/29 Fort Smith AR (KHBS),,,34,CBS News Philadelphia,,,,,,
35,CBS News Chicago ,,,35,ABC News,,,35,CBS News Pittsburgh,,,,,,
36,CBS News Colorado,,,36,ABC News Live 1,,,36,CBS News Sacramento,,,,,,
37,CBS News Detroit,,,37,ABC News Live 2,,,37,CCTV+ 1,,,,,,
38,CBS News Los Angeles,,,38,ABC News Live 3,,,38,CCTV+ 2,,,,,,
39,CBS News Miami,,,39,ABC News Live 4,,,39,CNA International,,,,,,
40,CBS News Minnesota,,,40,ABC News Live 5,,,40,CNN en Español,,,,,,
41,CBS News National,,,41,ABC News Live 6,,,41,CNN International Europe,,,,,,
42,CBS News New York,,,42,ABC News Live 7,,,42,CNN News ,,,,,,
43,CBS News Philadelphia,,,43,ABC News Live 8,,,43,Euronews,,,,,,
44,CBS News Pittsburgh,,,44,ABC News Live 9,,,44,FOX 2 Detroit MI (WJBK),,,,,,
45,CBS News Sacramento,,,45,ABC News Live 10,,,45,FOX 5 Atlanta GA (WAGA-TV,,,,,,
46,CCTV+ 1,,,46,BBC World News,,,46,FOX 9 ST Paul Minneapolis MN (KMSP),,,,,,
47,CCTV+ 2,,,47,CBS 8 Des Moines IA (KCCI),,,47,FOX 26 Houston TX (KRIV),,,,,,
48,CNA International,,,48,CBS 32 Louisville KY (WLKY),,,48,Fox News Channel,,,,,,
49,CNN en Español,,,49,CBS News Bay Area,,,49,FOX News Now,,,,,,
50,CNN International Europe,,,50,CBS News Boston,,,50,KTRK TV ABC 13 News,,,,,,
51,CNN News ,,,51,CBS News Chicago ,,,51,NBC 2 Orlando FL (WESH),,,,,,
52,Euronews,,,52,CBS News Colorado,,,52,NBC 3 Sacramento CA (KCRA) ,,,,,,
53,FOX 2 Detroit MI (WJBK),,,53,CBS News Detroit,,,53,NBC 5 Plattsburgh NY (WPTZ),,,,,,
54,FOX 5 Atlanta GA (WAGA-TV,,,54,CBS News Los Angeles,,,54,NBC 8 Lancaster PA (WGAL),,,,,,
55,FOX 9 ST Paul Minneapolis MN (KMSP),,,55,CBS News Miami,,,55,NBC 8 Salinas CA (KSBW),,,,,,
56,FOX 26 Houston TX (KRIV),,,56,CBS News Minnesota,,,56,NBC 12 Winston-Salem NC (WXII),,,,,,
57,Fox News Channel,,,57,CBS News National,,,57,NBC News Now,,,,,,
58,FOX News Now,,,58,CBS News New York,,,58,News Central,,,,,,
59,KTRK TV ABC 13 News,,,59,CBS News Philadelphia,,,59,Newsmax,,,,,,
60,NBC 2 Orlando FL (WESH),,,60,CBS News Pittsburgh,,,60,NewsNet,,,,,,
61,NBC 3 Sacramento CA (KCRA) ,,,61,CBS News Sacramento,,,61,NewsNet (KCKS-LD2),,,,,,
62,NBC 5 Plattsburgh NY (WPTZ),,,62,CCTV+ 1,,,62,Newsy,,,,,,
63,NBC 8 Lancaster PA (WGAL),,,63,CCTV+ 2,,,63,NH News,,,,,,
64,NBC 8 Salinas CA (KSBW),,,64,CNA International,,,64,Blaze Live,,,,,,
65,NBC 12 Winston-Salem NC (WXII),,,65,CNN en Español,,,65,CBSN Dallas TX,,,,,,
66,NBC News Now,,,66,CNN International Europe,,,66,Pluto TV News,,,,,,
67,News Central,,,67,CNN News ,,,67,TYT Network,,,,,,
68,Newsmax,,,68,Euronews,,,68,Press TV,,,,,,
69,NewsNet,,,69,FOX 2 Detroit MI (WJBK),,,69,Pro TV News,,,,,,
70,NewsNet (KCKS-LD2),,,70,FOX 5 Atlanta GA (WAGA-TV,,,70,Profit News,,,,,,
71,Newsy,,,71,FOX 9 ST Paul Minneapolis MN (KMSP),,,71,Real America's Voice,,,,,,
72,NH News,,,72,FOX 26 Houston TX (KRIV),,,72,Sky News Extra,,,,,,
73,Blaze Live,,,73,Fox News Channel,,,73,The First ,,,,,,
74,CBSN Dallas TX,,,74,FOX News Now,,,74,The Guardian,,,,,,
75,Pluto TV News,,,75,KTRK TV ABC 13 News,,,75,The Wall Street Journal Live,,,,,,
76,TYT Network,,,76,NBC 2 Orlando FL (WESH),,,76,Today All Day,,,,,,
77,Press TV,,,77,NBC 3 Sacramento CA (KCRA) ,,,77,Top Stories by Newsy,,,,,,
78,Pro TV News,,,78,NBC 5 Plattsburgh NY (WPTZ),,,78,USA Today,,,,,,
79,Profit News,,,79,NBC 8 Lancaster PA (WGAL),,,79,W14DK-D 14.2 NEWSNET,,,,,,
80,Real America's Voice,,,80,NBC 8 Salinas CA (KSBW),,,80,PVI ABC 6 News (Philadelphia PA),,,,,,
81,Sky News Extra,,,81,NBC 12 Winston-Salem NC (WXII),,,,,,,,,,
82,The First ,,,82,NBC News Now,,,,,,,,,,
83,The Guardian,,,83,News Central,,,,,,,,,,
84,The Wall Street Journal Live,,,84,Newsmax,,,,,,,,,,
85,Today All Day,,,85,NewsNet,,,,,,,,,,
86,Top Stories by Newsy,,,86,NewsNet (KCKS-LD2),,,,,,,,,,
87,USA Today,,,87,Newsy,,,,,,,,,,
88,W14DK-D 14.2 NEWSNET,,,88,NH News,,,,,,,,,,
89,PVI ABC 6 News (Philadelphia PA),,,89,Blaze Live,,,,,,,,,,
,,,,90,CBSN Dallas TX,,,,,,,,,,
,,,,91,Pluto TV News,,,,,,,,,,
,,,,92,TYT Network,,,,,,,,,,
,,,,93,Press TV,,,,,,,,,,
,,,,94,Pro TV News,,,,,,,,,,
,,,,95,Profit News,,,,,,,,,,
,,,,96,Real America's Voice,,,,,,,,,,
,,,,97,Sky News Extra,,,,,,,,,,
,,,,98,The First ,,,,,,,,,,
,,,,99,The Guardian,,,,,,,,,,
,,,,100,The Wall Street Journal Live,,,,,,,,,,
,,,,101,Today All Day,,,,,,,,,,
,,,,102,Top Stories by Newsy,,,,,,,,,,
,,,,103,USA Today,,,,,,,,,,
,,,,104,W14DK-D 14.2 NEWSNET,,,,,,,,,,
,,,,105,PVI ABC 6 News (Philadelphia PA),,,,,,,,,,
